Country,Year,Suicide_Rate
Thailand,2016,7.703678610
Sweden,2016,13.906234079
Romania,2016,11.733320196
Qatar,2016,3.072583921
Netherlands,2016,13.244796852
Mongolia,2016,19.514769636
Mauritius,2016,9.874731972
Lithuania,2016,33.615562288
Iceland,2016,14.882447270
Hungary,2016,20.988347355
Grenada,2016,0
Czech Republic,2016,14.759334383
Cyprus,2016,5.060842574
Croatia,2016,19.147512379
Austria,2016,16.046219525
Armenia,2016,2.791628282
Uruguay,2015,19.744295701
United States,2015,14.725812872
United Kingdom,2015,8.038250679
Ukraine,2015,18.772874639
Turkmenistan,2015,2.721776710
Turkey,2015,2.131316236
Thailand,2015,6.864042466
Switzerland,2015,13.595181857
Sweden,2015,12.968312991
Spain,2015,8.156332174
South Africa,2015,0.971236489
Slovenia,2015,21.589741701
Singapore,2015,8.846190559
Seychelles,2015,8.144364681
Serbia,2015,15.695185893
Saint Vincent and Grenadines,2015,2.971827079
Russian Federation,2015,18.560937227
Romania,2015,11.810902364
Republic of Korea,2015,27.757373517
Qatar,2015,2.803563244
Puerto Rico,2015,6.513867476
Poland,2015,15.019435898
Panama,2015,3.069725751
Norway,2015,12.082961202
Nicaragua,2015,5.751866663
Netherlands,2015,11.664446083
Mexico,2015,5.451307581
Mauritius,2015,9.005514146
Malta,2015,8.279818915
Luxembourg,2015,11.901485454
Lithuania,2015,32.535369505
Latvia,2015,20.634255423
Kyrgyzstan,2015,8.025671371
Kazakhstan,2015,18.355247147
Japan,2015,19.183176490
Italy,2015,6.861937423
Israel,2015,4.550183737
Iceland,2015,12.963695172
Hungary,2015,19.894522818
Guatemala,2015,3.464625091
Grenada,2015,0
Greece,2015,5.120369333
Germany,2015,12.910709302
Georgia,2015,5.551700208
Finland,2015,14.107075210
Estonia,2015,15.682174595
Ecuador,2015,7.382676676
Denmark,2015,10.477312161
Czech Republic,2015,13.884822048
Cyprus,2015,5.024892059
Cuba,2015,13.949321588
Croatia,2015,18.467294521
Colombia,2015,5.241577025
Chile,2015,11.095198067
Brazil,2015,5.841839076
Belize,2015,8.129191614
Belgium,2015,17.572829826
Austria,2015,15.220114982
Australia,2015,13.610131117
Armenia,2015,2.647267680
Argentina,2015,7.740627468
Antigua and Barbuda,2015,1.088269543
Uzbekistan,2014,7.670197752
Uruguay,2014,18.598679211
United States,2014,14.364076596
United Kingdom,2014,7.904840513
Ukraine,2014,19.691497403
Turkmenistan,2014,2.826721749
Turkey,2014,2.279666754
Thailand,2014,6.463862015
Switzerland,2014,13.214469691
Sweden,2014,12.595281992
Suriname,2014,25.718252525
Spain,2014,8.853870634
South Africa,2014,1.185799947
Slovenia,2014,19.879228563
Slovakia,2014,10.799881318
Singapore,2014,9.622239027
Seychelles,2014,4.770707854
Serbia,2014,16.672032885
Saint Vincent and Grenadines,2014,1.986570782
Saint Lucia,2014,8.454310491
Russian Federation,2014,19.701744055
Romania,2014,11.655617398
Republic of Korea,2014,28.543770254
Qatar,2014,2.442618451
Puerto Rico,2014,6.338311405
Portugal,2014,12.288282298
Poland,2014,16.456075672
Paraguay,2014,6.448216736
Panama,2014,4.175883675
Oman,2014,0.192779154
Norway,2014,11.352388497
Nicaragua,2014,5.756675152
Netherlands,2014,11.566395639
Mexico,2014,5.482170615
Mauritius,2014,10.421877605
Malta,2014,7.871594613
Luxembourg,2014,12.763363432
Lithuania,2014,33.434271278
Latvia,2014,20.168517999
Kyrgyzstan,2014,9.045547570
Kuwait,2014,1.830277309
Kazakhstan,2014,20.215383602
Japan,2014,20.251259624
Italy,2014,7.137610585
Israel,2014,5.185812269
Ireland,2014,11.229093611
Iceland,2014,14.451246748
Hungary,2014,20.450901476
Guatemala,2014,3.670990357
Grenada,2014,0
Greece,2014,5.442873097
Germany,2014,13.174323534
Georgia,2014,5.589811560
France,2014,14.733902013
Finland,2014,15.290863622
Estonia,2014,19.406499325
El Salvador,2014,6.776293996
Ecuador,2014,5.134610387
Denmark,2014,11.780866150
Czech Republic,2014,14.945107093
Cyprus,2014,5.467074544
Cuba,2014,13.437018162
Croatia,2014,17.913623584
Costa Rica,2014,6.085827425
Colombia,2014,4.829425421
Chile,2014,10.903970880
Bulgaria,2014,10.517333699
Brazil,2014,5.616382114
Bosnia and Herzegovina,2014,8.565558955
Belize,2014,7.673124880
Belgium,2014,17.950914882
Belarus,2014,19.546474634
Bahrain,2014,0.741371669
Austria,2014,16.140196151
Australia,2014,13.184305232
Armenia,2014,2.069190151
Argentina,2014,8.226281557
Antigua and Barbuda,2014,0
Uzbekistan,2013,7.265566980
Uruguay,2013,17.252983723
United States,2013,13.931532331
United Kingdom,2013,8.027718527
Turkmenistan,2013,2.127186816
Turkey,2013,2.590141504
Thailand,2013,6.518395576
Switzerland,2013,13.942919692
Sweden,2013,13.630196803
Suriname,2013,26.606602093
Spain,2013,8.756970332
South Africa,2013,1.218026822
Slovenia,2013,22.892033778
Slovakia,2013,12.026061412
Singapore,2013,9.750219585
Seychelles,2013,10.903672114
Serbia,2013,17.518337909
Saint Vincent and Grenadines,2013,0
Saint Lucia,2013,8.495661144
Russian Federation,2013,21.296975884
Romania,2013,12.666191136
Republic of Korea,2013,29.899546147
Qatar,2013,1.732737833
Puerto Rico,2013,6.941914038
Portugal,2013,10.535725624
Poland,2013,17.260861698
Paraguay,2013,5.582240663
Panama,2013,3.760065043
Norway,2013,11.620090171
Nicaragua,2013,6.589154927
New Zealand,2013,12.421999288
Netherlands,2013,11.673317187
Mexico,2013,5.143344127
Mauritius,2013,8.541123768
Malta,2013,5.462744085
Luxembourg,2013,7.802000823
Lithuania,2013,38.658503606
Latvia,2013,20.026520761
Kyrgyzstan,2013,8.898288177
Kuwait,2013,1.147145147
Kazakhstan,2013,23.081904878
Japan,2013,21.566788921
Italy,2013,7.460437379
Israel,2013,5.148070691
Ireland,2013,11.520143219
Iceland,2013,16.308544346
Hungary,2013,22.175487394
Guyana,2013,30.707725333
Guatemala,2013,3.335317909
Grenada,2013,0
Greece,2013,5.109627391
Germany,2013,13.059235117
Georgia,2013,3.744693031
France,2013,16.024017599
Finland,2013,17.272156019
Estonia,2013,17.536859583
El Salvador,2013,8.555393522
Ecuador,2013,4.809808708
Denmark,2013,11.510089820
Czech Republic,2013,15.870332240
Cyprus,2013,5.534946422
Cuba,2013,13.889030446
Croatia,2013,17.109836994
Costa Rica,2013,7.153982456
Colombia,2013,4.748968558
Chile,2013,10.700491878
Canada,2013,12.168752684
Bulgaria,2013,10.418105598
Brazil,2013,5.608164079
Belize,2013,5.557589706
Belgium,2013,18.002785254
Belarus,2013,21.346226364
Barbados,2013,0
Bahrain,2013,0.411694766
Bahamas,2013,1.432833084
Austria,2013,15.978484123
Australia,2013,12.073973458
Armenia,2013,2.383778353
Argentina,2013,7.686740244
Antigua and Barbuda,2013,0
Uzbekistan,2012,6.955544782
Uruguay,2012,19.004174890
United States,2012,13.863469644
United Kingdom,2012,7.442810193
Ukraine,2012,21.106379251
Turkmenistan,2012,2.942394316
Turkey,2012,2.102167089
Thailand,2012,6.599621031
Switzerland,2012,13.665822712
Sweden,2012,12.895426694
Suriname,2012,27.312080564
Spain,2012,7.985313882
South Africa,2012,1.025603097
Slovenia,2012,22.610622470
Slovakia,2012,11.159052258
Singapore,2012,10.794140324
Seychelles,2012,3.693489609
Serbia,2012,18.100604412
Saint Vincent and Grenadines,2012,9.983327843
Saint Lucia,2012,6.099792607
Russian Federation,2012,22.011825451
Romania,2012,13.102894642
Republic of Korea,2012,29.485026182
Qatar,2012,2.146620147
Puerto Rico,2012,7.141474922
Portugal,2012,10.728462611
Poland,2012,17.682284556
Paraguay,2012,4.828557246
Panama,2012,3.976150168
Norway,2012,10.942116205
Nicaragua,2012,6.017393695
New Zealand,2012,13.322429487
Netherlands,2012,11.086206430
Mexico,2012,4.920051900
Mauritius,2012,9.741247066
Malta,2012,6.263497838
Luxembourg,2012,10.178746777
Lithuania,2012,32.666495171
Latvia,2012,22.987065634
Kyrgyzstan,2012,10.623717652
Kuwait,2012,1.601510911
Kazakhstan,2012,21.566142594
Japan,2012,21.814718184
Italy,2012,7.495366897
Israel,2012,6.060298561
Ireland,2012,12.841149297
Iceland,2012,12.447937343
Hungary,2012,24.848778416
Guyana,2012,30.322835156
Guatemala,2012,3.149505921
Grenada,2012,2.095864859
Greece,2012,4.819824889
Germany,2012,12.605066368
Georgia,2012,2.475659978
France,2012,16.336774105
Finland,2012,17.082644386
Fiji,2012,4.087163879
Estonia,2012,18.935293229
El Salvador,2012,9.112228664
Ecuador,2012,7.064344379
Denmark,2012,12.541411799
Czech Republic,2012,16.708442812
Cyprus,2012,4.420947925
Cuba,2012,13.880461834
Croatia,2012,19.140191047
Costa Rica,2012,7.039282459
Colombia,2012,4.921513130
Chile,2012,11.452390125
Canada,2012,11.910975560
Bulgaria,2012,12.529362100
Brazil,2012,5.547137563
Belize,2012,6.021154322
Belgium,2012,19.401229785
Barbados,2012,0
Bahrain,2012,1.580990832
Bahamas,2012,1.455358338
Austria,2012,15.887886308
Australia,2012,12.147516617
Armenia,2012,2.807092350
Argentina,2012,8.449140932
Antigua and Barbuda,2012,0
Uzbekistan,2011,6.313022198
United States,2011,13.608721527
United Kingdom,2011,7.460702833
Ukraine,2011,20.831209605
Turkmenistan,2011,2.810145490
Turkey,2011,1.687382744
Trinidad and Tobago,2011,11.235174016
Thailand,2011,6.426953631
Switzerland,2011,13.753584711
Sweden,2011,12.515977005
Suriname,2011,26.374758318
Spain,2011,7.286463485
South Africa,2011,0.764847130
Slovenia,2011,22.370087644
Singapore,2011,8.553417201
Seychelles,2011,6.194481955
Serbia,2011,18.202827322
Saint Vincent and Grenadines,2011,4.998150684
Saint Lucia,2011,4.911229526
Russian Federation,2011,23.034471542
Romania,2011,12.497720127
Republic of Korea,2011,33.277531158
Qatar,2011,2.696753810
Puerto Rico,2011,7.423823799
Portugal,2011,10.106515920
Poland,2011,16.976671199
Philippines,2011,2.908490032
Paraguay,2011,5.311470513
Panama,2011,4.318888750
Norway,2011,12.878771563
Nicaragua,2011,7.126412319
New Zealand,2011,12.052434201
Netherlands,2011,10.461470025
Mexico,2011,5.162783742
Mauritius,2011,10.056658190
Malta,2011,5.045115949
Maldives,2011,0.586479306
Luxembourg,2011,11.249330154
Lithuania,2011,35.349615686
Latvia,2011,22.522395707
Kyrgyzstan,2011,9.670389596
Kuwait,2011,1.229865453
Kazakhstan,2011,22.897191543
Japan,2011,23.787905100
Jamaica,2011,1.922310217
Italy,2011,7.336140380
Israel,2011,5.866747376
Ireland,2011,13.131543698
Iceland,2011,9.137828920
Hungary,2011,25.487068946
Guyana,2011,28.432523846
Guatemala,2011,2.757859477
Grenada,2011,1.051502597
Greece,2011,4.446008677
Germany,2011,12.955024005
Georgia,2011,2.355684576
France,2011,17.538230030
Finland,2011,17.931629763
Fiji,2011,4.894857180
Estonia,2011,17.447998162
El Salvador,2011,8.682754528
Ecuador,2011,6.758172917
Denmark,2011,11.231562789
Czech Republic,2011,16.050363011
Cyprus,2011,3.746160186
Cuba,2011,14.225857492
Croatia,2011,16.758060161
Costa Rica,2011,7.460723775
Colombia,2011,4.805080973
Chile,2011,12.739787853
Canada,2011,11.430176979
Cabo Verde,2011,9.288357044
Bulgaria,2011,10.812684483
Brazil,2011,5.348029150
Bosnia and Herzegovina,2011,0.136116943
Belize,2011,11.314466746
Belgium,2011,20.163926542
Belarus,2011,24.275425491
Barbados,2011,0
Bahrain,2011,1.631229712
Bahamas,2011,1.182092481
Austria,2011,16.109774606
Australia,2011,11.454890860
Aruba,2011,9.425268097
Armenia,2011,2.509019363
Argentina,2011,7.659985250
Uzbekistan,2010,5.707205616
Uruguay,2010,17.491092973
United States,2010,13.327582483
United Kingdom,2010,7.170799559
United Arab Emirates,2010,1.415864004
Ukraine,2010,20.992309156
Turkmenistan,2010,3.911069315
Turkey,2010,2.275471473
Trinidad and Tobago,2010,12.997541840
Thailand,2010,6.292479254
Switzerland,2010,13.523055802
Sweden,2010,12.931926047
Suriname,2010,28.568307664
Spain,2010,7.243890840
South Africa,2010,0.851087790
Slovenia,2010,21.287820590
Slovakia,2010,12.258230207
Singapore,2010,8.275553567
Seychelles,2010,7.152649461
Serbia,2010,17.379732467
Saint Vincent and Grenadines,2010,4.997501249
Saint Lucia,2010,2.476734178
Russian Federation,2010,24.732700025
Romania,2010,13.593040010
Republic of Korea,2010,32.685824997
Qatar,2010,2.781736656
Puerto Rico,2010,8.217495853
Portugal,2010,10.917260477
Poland,2010,17.644712106
Philippines,2010,2.556760074
Paraguay,2010,4.029123153
Panama,2010,4.611510758
Oman,2010,0.472995590
Norway,2010,11.957533301
Nicaragua,2010,6.872344920
New Zealand,2010,13.216717175
Netherlands,2010,10.222154046
Mexico,2010,4.588392438
Mauritius,2010,8.412515419
Malta,2010,7.849114696
Maldives,2010,0.301605446
Luxembourg,2010,11.297567466
Lithuania,2010,34.511551369
Latvia,2010,22.033234972
Kyrgyzstan,2010,10.335797663
Kuwait,2010,1.188439591
Kazakhstan,2010,24.529049388
Japan,2010,24.281072898
Jamaica,2010,0.115980039
Italy,2010,6.920800280
Israel,2010,7.007478293
Ireland,2010,11.395458277
Iceland,2010,15.613332428
Hungary,2010,26.161432541
Guyana,2010,30.513898709
Guatemala,2010,2.775554399
Grenada,2010,0
Greece,2010,3.511751419
Germany,2010,12.801684033
Georgia,2010,2.670608994
France,2010,17.574759996
Finland,2010,18.840745146
Estonia,2010,17.779903925
El Salvador,2010,7.175674356
Ecuador,2010,6.826201687
Denmark,2010,10.790019136
Czech Republic,2010,15.102652285
Cyprus,2010,4.827965610
Cuba,2010,14.525658018
Croatia,2010,18.458773305
Costa Rica,2010,7.431900729
Colombia,2010,5.017968591
Chile,2010,12.703268968
Canada,2010,12.237449258
Bulgaria,2010,11.992617350
Brazil,2010,5.191331251
Belize,2010,5.285486758
Belgium,2010,19.713703747
Belarus,2010,27.379436117
Barbados,2010,1.145357294
Bahrain,2010,1.667895642
Bahamas,2010,2.995186735
Austria,2010,15.862615693
Australia,2010,11.608080318
Aruba,2010,7.367955708
Armenia,2010,2.727722819
Argentina,2010,7.831615425
Albania,2010,3.508739869
Uzbekistan,2009,5.532245955
Uruguay,2009,16.408150002
United States,2009,12.939983005
United Kingdom,2009,7.318978655
United Arab Emirates,2009,1.709759972
Ukraine,2009,22.303623881
Turkmenistan,2009,3.679367024
Turkey,2009,1.591815485
Trinidad and Tobago,2009,10.448152269
Thailand,2009,6.366448042
Switzerland,2009,15.004294895
Sweden,2009,14.184685519
Suriname,2009,27.845798048
Spain,2009,7.884555574
South Africa,2009,0.815663404
Slovenia,2009,23.017069191
Slovakia,2009,11.688641053
Singapore,2009,9.869630384
Seychelles,2009,4.794495919
Serbia,2009,19.703684144
Saint Vincent and Grenadines,2009,1.000730533
Saint Lucia,2009,8.134150920
Russian Federation,2009,27.898630868
Romania,2009,12.682139007
Republic of Korea,2009,32.507375419
Qatar,2009,2.920388226
Puerto Rico,2009,9.470582934
Portugal,2009,10.199088192
Poland,2009,17.880705959
Philippines,2009,2.554380501
Paraguay,2009,5.186741004
Panama,2009,5.506277312
Oman,2009,0.498552472
Norway,2009,12.655890533
New Zealand,2009,12.768143482
Netherlands,2009,9.806324451
Montenegro,2009,18.067182904
Mexico,2009,4.827749307
Mauritius,2009,9.917631911
Malta,2009,9.157928477
Luxembourg,2009,10.229982801
Lithuania,2009,37.725878726
Latvia,2009,25.414763022
Kyrgyzstan,2009,9.541400303
Kuwait,2009,1.926932002
Kazakhstan,2009,26.707240146
Japan,2009,25.331131324
Jamaica,2009,1.401387296
Italy,2009,6.929159889
Israel,2009,6.001335446
Ireland,2009,12.798509447
Iceland,2009,12.153785904
Hungary,2009,25.801750051
Guyana,2009,23.278196835
Guatemala,2009,4.134322604
Grenada,2009,0
Greece,2009,3.647518037
Germany,2009,12.210542643
Georgia,2009,4.520589119
France,2009,17.864335760
Finland,2009,20.506449814
Fiji,2009,3.410269897
Estonia,2009,21.365993916
El Salvador,2009,9.151894316
Ecuador,2009,7.341874940
Denmark,2009,11.978146623
Czech Republic,2009,14.732213343
Cyprus,2009,4.171152828
Cuba,2009,13.793129210
Croatia,2009,18.737918194
Costa Rica,2009,6.733747386
Colombia,2009,5.427624795
Chile,2009,13.783235774
Canada,2009,12.180093675
Bulgaria,2009,12.022465389
Brazil,2009,5.204668580
Belize,2009,5.431063511
Belgium,2009,19.786961366
Belarus,2009,29.912860120
Barbados,2009,1.917780897
Bahrain,2009,3.293922165
Bahamas,2009,1.830311794
Austria,2009,16.081754708
Australia,2009,11.383720170
Aruba,2009,4.219631837
Armenia,2009,1.970483642
Argentina,2009,7.761450892
Antigua and Barbuda,2009,0
Albania,2009,0
Uruguay,2008,16.866664022
United States,2008,12.760506420
United Kingdom,2008,7.383410249
United Arab Emirates,2008,1.536013841
Ukraine,2008,21.556853076
Turkmenistan,2008,10.969745939
Trinidad and Tobago,2008,16.320357965
Thailand,2008,6.379949140
Switzerland,2008,18.062166017
Sweden,2008,13.466069648
Suriname,2008,31.627254518
Spain,2008,8.002410399
South Africa,2008,1.009601840
Slovenia,2008,20.990267307
Slovakia,2008,11.504619270
Singapore,2008,9.249325872
Seychelles,2008,4.825090470
Serbia,2008,18.444503080
Saint Vincent and Grenadines,2008,4.006972132
Saint Lucia,2008,0
Russian Federation,2008,28.433776213
Romania,2008,12.097601215
Republic of Korea,2008,27.298350526
Qatar,2008,2.518190108
Puerto Rico,2008,8.598918084
Portugal,2008,10.348292831
Poland,2008,15.668988455
Philippines,2008,2.286550280
Paraguay,2008,4.124731126
Panama,2008,5.894215936
Norway,2008,11.292261849
New Zealand,2008,13.103352694
Netherlands,2008,9.279702286
Montenegro,2008,21.357633574
Mexico,2008,4.543381942
Mauritius,2008,7.328193129
Malta,2008,3.587949615
Maldives,2008,0
Luxembourg,2008,9.340292938
Lithuania,2008,36.381426676
Latvia,2008,25.489364357
Kyrgyzstan,2008,10.083301286
Kuwait,2008,1.394909589
Kazakhstan,2008,28.116102268
Japan,2008,24.935739042
Italy,2008,6.847942438
Israel,2008,5.391737117
Ireland,2008,12.358970952
Iceland,2008,12.801681737
Hungary,2008,25.919145665
Guyana,2008,25.102614407
Guatemala,2008,4.088794998
Grenada,2008,0
Greece,2008,3.490312231
Germany,2008,12.024745271
France,2008,17.702590226
Finland,2008,20.577295733
Fiji,2008,4.909388609
Estonia,2008,19.145493886
El Salvador,2008,8.910246001
Ecuador,2008,7.192023860
Denmark,2008,11.680330846
Czech Republic,2008,13.929864194
Cyprus,2008,5.488371346
Cuba,2008,12.876603240
Croatia,2008,18.766641195
Costa Rica,2008,6.408743786
Colombia,2008,5.433302310
Chile,2008,13.544667335
Canada,2008,11.728899638
Bulgaria,2008,12.920517079
Brazil,2008,5.174911560
Belize,2008,4.097032631
Belgium,2008,19.790413678
Belarus,2008,28.873271107
Barbados,2008,0.385484207
Bahrain,2008,4.198767710
Bahamas,2008,1.244373100
Austria,2008,15.986861248
Australia,2008,11.635008443
Aruba,2008,4.218786255
Armenia,2008,2.068699881
Argentina,2008,8.327543889
Antigua and Barbuda,2008,0
Albania,2008,5.803285312
Uruguay,2007,18.653109483
United States,2007,12.326719816
United Kingdom,2007,6.791238699
United Arab Emirates,2007,1.773364383
Ukraine,2007,22.697514532
Turkmenistan,2007,8.151691464
Trinidad and Tobago,2007,10.790880964
Thailand,2007,6.369013842
Switzerland,2007,18.932024982
Sweden,2007,13.048780304
Suriname,2007,25.921069255
Spain,2007,7.671457246
South Africa,2007,0.935450862
Slovenia,2007,22.518175384
Slovakia,2007,0
Singapore,2007,9.676658013
Seychelles,2007,7.287655925
Serbia,2007,19.302072441
Saint Vincent and Grenadines,2007,11.034316725
Russian Federation,2007,30.530728816
Romania,2007,11.868116798
Republic of Korea,2007,26.004926240
Qatar,2007,3.675551041
Puerto Rico,2007,7.756972617
Portugal,2007,10.194176067
Poland,2007,14.552127033
Philippines,2007,2.176681577
Paraguay,2007,4.277233305
Panama,2007,5.521226371
Norway,2007,10.979386146
New Zealand,2007,12.552567051
Netherlands,2007,8.777727961
Montenegro,2007,20.604723079
Mexico,2007,4.272426377
Mauritius,2007,11.187130748
Malta,2007,6.708275173
Maldives,2007,1.636468370
Luxembourg,2007,17.256179039
Lithuania,2007,33.194434864
Latvia,2007,21.634498285
Kyrgyzstan,2007,10.324205764
Kuwait,2007,1.658580814
Kazakhstan,2007,29.315556444
Japan,2007,25.405123277
Italy,2007,6.639735649
Israel,2007,5.055193094
Ireland,2007,11.374058257
Iceland,2007,12.771303916
Hungary,2007,25.592978874
Guyana,2007,27.661979581
Guatemala,2007,2.792867375
Grenada,2007,3.177360249
Greece,2007,3.078774096
Germany,2007,11.943904397
Georgia,2007,2.503068666
France,2007,17.410212122
Finland,2007,19.904566107
Fiji,2007,1.744837629
Estonia,2007,19.757323394
El Salvador,2007,9.162632335
Ecuador,2007,7.927521784
Denmark,2007,11.318914608
Czech Republic,2007,14.045208460
Cyprus,2007,2.607862568
Cuba,2007,12.240093508
Croatia,2007,18.317810466
Costa Rica,2007,6.724378437
Colombia,2007,5.415242321
Chile,2007,12.121661337
Canada,2007,11.557925451
Bulgaria,2007,12.335086593
Brazil,2007,5.051536742
Belize,2007,3.069049784
Belgium,2007,18.513965632
Belarus,2007,28.763185200
Barbados,2007,0
Bahrain,2007,4.146065902
Bahamas,2007,1.587357019
Azerbaijan,2007,0.694348007
Austria,2007,16.271441581
Australia,2007,11.294980397
Aruba,2007,8.437572510
Armenia,2007,2.595681006
Argentina,2007,8.112240363
Antigua and Barbuda,2007,1.202920691
Albania,2007,4.475978434
Uruguay,2006,17.157089729
United States,2006,11.933435660
United Kingdom,2006,7.220035883
United Arab Emirates,2006,1.827827207
Ukraine,2006,22.470808707
Turkmenistan,2006,11.801336396
Trinidad and Tobago,2006,11.659628165
Thailand,2006,5.853673225
Switzerland,2006,18.388764900
Sweden,2006,13.957484360
Suriname,2006,24.708080645
Sri Lanka,2006,22.440751107
Spain,2006,7.766298655
South Africa,2006,1.166086652
Slovenia,2006,27.572619190
Slovakia,2006,0
Singapore,2006,10.903015915
Seychelles,2006,9.793000453
Serbia,2006,20.521029362
Saint Vincent and Grenadines,2006,6.032393956
Saint Lucia,2006,1.303271211
Russian Federation,2006,31.482564293
Romania,2006,13.255995488
Republic of Korea,2006,22.902799684
Qatar,2006,3.084811029
Puerto Rico,2006,7.573514534
Poland,2006,15.970515430
Philippines,2006,2.339219388
Paraguay,2006,4.805244034
Panama,2006,6.089614771
Norway,2006,12.168057340
New Zealand,2006,13.517673011
Netherlands,2006,9.922767037
Montenegro,2006,0
Mexico,2006,4.295775235
Mauritius,2006,10.486083279
Malta,2006,6.735088256
Luxembourg,2006,14.612619458
Lithuania,2006,33.559763092
Latvia,2006,23.023664261
Kyrgyzstan,2006,9.964543014
Kuwait,2006,2.077837645
Kazakhstan,2006,29.036145299
Japan,2006,24.663220162
Jamaica,2006,0
Italy,2006,6.585894879
Israel,2006,5.793683307
Ireland,2006,11.479137683
Iceland,2006,11.307460450
Hungary,2006,25.659178135
Guyana,2006,30.071453364
Guatemala,2006,2.614692431
Grenada,2006,1.062405711
Greece,2006,3.710368625
Germany,2006,12.400259732
Georgia,2006,1.728069123
France,2006,18.025248041
Finland,2006,21.326414632
Fiji,2006,3.253094845
Estonia,2006,19.313245994
El Salvador,2006,7.570393609
Ecuador,2006,7.229279159
Denmark,2006,12.719011596
Czech Republic,2006,14.314461522
Cyprus,2006,2.663205434
Cuba,2006,12.915775813
Croatia,2006,18.795989370
Costa Rica,2006,8.851983704
Colombia,2006,5.482429079
Chile,2006,11.909820300
Canada,2006,11.364606409
Bulgaria,2006,13.277148031
Brazil,2006,4.982230872
Belize,2006,4.350818349
Belgium,2006,19.422441824
Barbados,2006,3.503540522
Bahrain,2006,3.151226221
Bahamas,2006,0.648300319
Austria,2006,16.481835860
Australia,2006,11.078406757
Aruba,2006,9.523003344
Armenia,2006,2.821592854
Argentina,2006,8.652829601
Antigua and Barbuda,2006,0
Albania,2006,0
Uzbekistan,2005,5.173652743
Uruguay,2005,16.220557896
United States,2005,11.817533716
United Kingdom,2005,7.123868208
United Arab Emirates,2005,2.242763758
Ukraine,2005,23.634117777
Turkmenistan,2005,11.005213367
Trinidad and Tobago,2005,11.281897283
Thailand,2005,6.434829212
Switzerland,2005,18.368236046
Sweden,2005,14.276304941
Suriname,2005,16.091363184
Spain,2005,8.250905397
South Africa,2005,1.051275938
Slovenia,2005,26.310049550
Slovakia,2005,13.243751738
Singapore,2005,10.740785065
Seychelles,2005,6.180469716
Serbia,2005,20.357042984
San Marino,2005,3.538069629
Saint Vincent and Grenadines,2005,8.071187877
Saint Lucia,2005,2.646045155
Russian Federation,2005,33.637825349
Romania,2005,12.654375604
Republic of Korea,2005,26.024939740
Qatar,2005,2.134021576
Puerto Rico,2005,8.246307209
Poland,2005,16.620217581
Paraguay,2005,4.662089236
Panama,2005,5.776473966
Norway,2005,12.295010117
New Zealand,2005,13.353146562
Netherlands,2005,10.273752423
Montenegro,2005,20.232086031
Mexico,2005,4.418484076
Mauritius,2005,9.156670635
Malta,2005,4.946486823
Maldives,2005,0.346097406
Luxembourg,2005,11.204148736
Lithuania,2005,41.546866377
Latvia,2005,26.381879578
Kyrgyzstan,2005,10.185212675
Kuwait,2005,2.520640165
Kazakhstan,2005,27.982967887
Japan,2005,25.169590152
Jamaica,2005,2.050524110
Italy,2005,6.773501670
Israel,2005,6.831851732
Ireland,2005,11.765144754
Iceland,2005,12.003098982
Hungary,2005,27.255859463
Guyana,2005,25.310427147
Guatemala,2005,2.143196890
Grenada,2005,6.404440412
Greece,2005,3.779712319
Germany,2005,13.024523364
Georgia,2005,2.105517909
France,2005,18.741902105
Finland,2005,20.033117121
Fiji,2005,3.002974310
Estonia,2005,21.187509459
El Salvador,2005,8.459011627
Ecuador,2005,7.718346329
Denmark,2005,12.397217051
Czech Republic,2005,16.031989402
Cyprus,2005,2.424197484
Cuba,2005,13.158878815
Croatia,2005,20.633281199
Costa Rica,2005,6.997511767
Colombia,2005,5.365969593
Chile,2005,11.293461193
Canada,2005,12.233189496
Bulgaria,2005,13.263009669
Brazil,2005,5.002816687
Belize,2005,4.897559383
Belgium,2005,20.492850530
Barbados,2005,0.390794446
Bahrain,2005,5.124826122
Bahamas,2005,1.325543556
Austria,2005,17.872973114
Aruba,2005,10.669170365
Argentina,2005,8.601819766
Antigua and Barbuda,2005,0
Albania,2005,0
Uzbekistan,2004,5.368904925
Uruguay,2004,16.957504168
United States,2004,11.853026449
United Kingdom,2004,7.409439704
Ukraine,2004,24.835168045
Turkmenistan,2004,9.308952743
Trinidad and Tobago,2004,13.998646797
Thailand,2004,7.079019206
Switzerland,2004,18.282353001
Sweden,2004,13.565391175
Suriname,2004,15.168082732
Spain,2004,8.649805972
South Africa,2004,0.890576018
Slovenia,2004,26.836322543
Slovakia,2004,13.200005467
Singapore,2004,10.209057110
Seychelles,2004,7.524926318
Serbia,2004,18.980114485
Saint Vincent and Grenadines,2004,4.051043144
Saint Lucia,2004,5.364770891
Russian Federation,2004,35.817751117
Romania,2004,13.196985828
Republic of Korea,2004,25.102681369
Qatar,2004,3.012087075
Puerto Rico,2004,7.945408494
Poland,2004,16.694345775
Paraguay,2004,4.654585035
Panama,2004,6.373239521
Norway,2004,12.296720565
New Zealand,2004,13.017717245
Netherlands,2004,9.917553946
Montenegro,2004,0
Mexico,2004,4.260814453
Mauritius,2004,8.793472161
Malta,2004,6.300568626
Maldives,2004,0.356473197
Luxembourg,2004,14.414313879
Lithuania,2004,42.817662844
Latvia,2004,26.022925134
Kyrgyzstan,2004,9.579470015
Kuwait,2004,2.254411884
Kazakhstan,2004,31.672285121
Japan,2004,24.924481328
Jamaica,2004,0.040577697
Italy,2004,7.248833731
Israel,2004,6.726753543
Ireland,2004,12.364500134
Iceland,2004,12.887167327
Hungary,2004,28.473390153
Guyana,2004,27.915018280
Guatemala,2004,2.311004226
Grenada,2004,1.072938349
Greece,2004,3.346831271
Germany,2004,13.628667398
Georgia,2004,4.278885534
France,2004,19.016465718
Finland,2004,21.517706099
Fiji,2004,3.294856729
Estonia,2004,24.891149385
El Salvador,2004,8.700266446
Ecuador,2004,6.594880022
Denmark,2004,13.029952925
Czech Republic,2004,16.241482840
Cyprus,2004,1.013587869
Cuba,2004,14.321229043
Croatia,2004,20.592963874
Costa Rica,2004,8.505945132
Colombia,2004,5.812761322
Chile,2004,11.793901336
Canada,2004,11.930405681
Bulgaria,2004,13.601764765
Brazil,2004,4.759124942
Belize,2004,8.410747253
Belgium,2004,20.176640548
Barbados,2004,1.176816711
Bahrain,2004,5.588383613
Bahamas,2004,0.677421868
Azerbaijan,2004,1.395664394
Austria,2004,18.293847825
Australia,2004,11.212147136
Aruba,2004,8.664103536
Argentina,2004,8.875820839
Antigua and Barbuda,2004,2.508717794
Albania,2004,5.078276767
Uzbekistan,2003,6.161106942
Uruguay,2003,17.450743239
United States,2003,11.613350295
United Kingdom,2003,7.083629249
Ukraine,2003,26.944650200
Turkmenistan,2003,9.024017770
Trinidad and Tobago,2003,12.055677136
Thailand,2003,7.453587414
Switzerland,2003,18.208446682
Sweden,2003,13.096930595
Suriname,2003,17.662738046
Sri Lanka,2003,25.489888611
Spain,2003,8.706414981
South Africa,2003,0.603555664
Slovenia,2003,29.461272842
Slovakia,2003,14.724338099
Singapore,2003,9.918789908
Seychelles,2003,10.203821331
Serbia,2003,19.375771147
Saint Vincent and Grenadines,2003,4.069507183
Saint Lucia,2003,6.796848981
Russian Federation,2003,37.545649949
Romania,2003,14.009886604
Republic of Korea,2003,23.974891878
Puerto Rico,2003,7.445241950
Portugal,2003,11.682657388
Poland,2003,16.053353469
Philippines,2003,2.150972377
Paraguay,2003,3.536233899
Panama,2003,6.820652516
Norway,2003,11.747845370
New Zealand,2003,13.916373055
Netherlands,2003,9.879371038
Montenegro,2003,0
Mexico,2003,4.340923133
Mauritius,2003,8.056881584
Malta,2003,5.294016438
Maldives,2003,1.469993753
Luxembourg,2003,11.330000425
Lithuania,2003,44.712452833
Latvia,2003,27.577251689
Kyrgyzstan,2003,10.595369050
Kuwait,2003,2.255690749
Kazakhstan,2003,31.284700695
Japan,2003,26.480335562
Jamaica,2003,0.081952905
Italy,2003,7.417510458
Israel,2003,6.946379778
Ireland,2003,12.289937492
Iceland,2003,9.689561361
Hungary,2003,29.007929836
Guyana,2003,29.787650161
Guatemala,2003,2.399701033
Grenada,2003,4.321194378
Greece,2003,3.566108278
Germany,2003,14.163917294
France,2003,19.288364906
Finland,2003,21.805910761
Fiji,2003,1.378186885
Estonia,2003,26.163591297
El Salvador,2003,9.974369467
Ecuador,2003,5.734431105
Denmark,2003,12.517839899
Czech Republic,2003,17.633391633
Cuba,2003,14.234065775
Croatia,2003,20.470465733
Costa Rica,2003,8.395811050
Colombia,2003,5.964066356
Chile,2003,11.388237122
Canada,2003,12.567245193
Bulgaria,2003,14.573279172
Brazil,2003,4.739508104
Belize,2003,5.197280090
Belgium,2003,21.327763975
Belarus,2003,36.685207062
Barbados,2003,0
Bahrain,2003,4.837013969
Bahamas,2003,0.346154911
Azerbaijan,2003,1.680913166
Austria,2003,18.855138278
Australia,2003,11.586396388
Aruba,2003,2.210995280
Armenia,2003,1.950822090
Argentina,2003,9.454978420
Antigua and Barbuda,2003,1.271326502
Albania,2003,4.360165110
Uzbekistan,2002,6.963512608
Uruguay,2002,22.020992041
United States,2002,11.774464922
United Kingdom,2002,7.363759187
Ukraine,2002,27.216663858
Turkmenistan,2002,10.039356207
Trinidad and Tobago,2002,13.122476447
Thailand,2002,8.413516763
Switzerland,2002,20.829702060
Sweden,2002,13.938388543
Suriname,2002,16.039946441
Sri Lanka,2002,25.189763942
Spain,2002,8.571295448
South Africa,2002,0.564541061
Slovenia,2002,28.329741402
Slovakia,2002,14.037948275
Singapore,2002,10.141539239
Seychelles,2002,6.501612400
Serbia,2002,20.257454596
Saint Vincent and Grenadines,2002,7.157537398
Saint Lucia,2002,8.266284581
Russian Federation,2002,40.283796358
Romania,2002,14.816009986
Republic of Korea,2002,19.088876465
Puerto Rico,2002,6.782160138
Portugal,2002,12.272014371
Poland,2002,16.300984458
Philippines,2002,1.851787458
Paraguay,2002,3.679894119
Panama,2002,5.714191838
Norway,2002,11.640815338
New Zealand,2002,12.762387304
Netherlands,2002,10.376516872
Montenegro,2002,0
Mexico,2002,4.140947372
Mauritius,2002,12.132381883
Malta,2002,5.074027389
Maldives,2002,1.137453696
Luxembourg,2002,20.329772833
Lithuania,2002,47.366183660
Latvia,2002,30.255355198
Kyrgyzstan,2002,12.675594428
Kuwait,2002,2.084681620
Kazakhstan,2002,30.774867617
Japan,2002,24.723560392
Jamaica,2002,0.082791155
Italy,2002,7.462379721
Israel,2002,6.479509484
Ireland,2002,12.336612015
Iceland,2002,11.258936781
Hungary,2002,29.328015517
Guyana,2002,26.552450897
Guatemala,2002,2.510419701
Grenada,2002,0
Greece,2002,3.081459772
Germany,2002,14.212722928
France,2002,19.027266701
Finland,2002,22.275955761
Fiji,2002,5.807626520
Estonia,2002,28.176715856
El Salvador,2002,8.335790097
Ecuador,2002,4.996203059
Denmark,2002,13.647484677
Czech Republic,2002,15.729359855
Cuba,2002,15.325282948
Croatia,2002,20.724160008
Costa Rica,2002,7.472070758
Colombia,2002,6.347677252
Chile,2002,11.184105872
Canada,2002,12.313561712
Bulgaria,2002,17.456633454
Brazil,2002,4.729007822
Belize,2002,6.246207660
Belgium,2002,21.273608736
Belarus,2002,34.754659141
Barbados,2002,0
Bahrain,2002,3.782091042
Bahamas,2002,1.061740192
Azerbaijan,2002,1.209619101
Austria,2002,20.213032082
Australia,2002,12.623803365
Aruba,2002,10.194372706
Armenia,2002,2.454521693
Argentina,2002,9.189854993
Antigua and Barbuda,2002,0
Albania,2002,4.718254572
Uzbekistan,2001,8.609395117
Uruguay,2001,16.301734322
United States,2001,11.531207089
United Kingdom,2001,7.428202188
Ukraine,2001,28.054114209
Turkmenistan,2001,10.864308208
Trinidad and Tobago,2001,15.126496382
Switzerland,2001,19.487777318
Sweden,2001,14.183612252
Suriname,2001,16.960531430
Sri Lanka,2001,26.582558448
Spain,2001,8.237435702
South Africa,2001,0.932364733
Slovenia,2001,30.557557078
Slovakia,2001,13.567946393
Singapore,2001,9.829197551
Seychelles,2001,7.961466502
Serbia,2001,20.189263848
Saint Vincent and Grenadines,2001,8.218530732
Saint Lucia,2001,4.889429054
Russian Federation,2001,41.417521095
Romania,2001,12.786228780
Republic of Korea,2001,15.457093035
Qatar,2001,4.263341014
Puerto Rico,2001,8.205071131
Portugal,2001,7.757757350
Poland,2001,16.131525243
Philippines,2001,1.751576113
Paraguay,2001,3.233138650
Panama,2001,5.905981155
Norway,2001,13.024592756
New Zealand,2001,14.114678988
Netherlands,2001,9.801615697
Montenegro,2001,0
Mexico,2001,4.129476031
Mauritius,2001,10.571150862
Malta,2001,8.096270048
Maldives,2001,1.174154511
Luxembourg,2001,17.635832146
Lithuania,2001,46.537212467
Latvia,2001,31.575750359
Kyrgyzstan,2001,12.653125412
Kuwait,2001,1.471648688
Kiribati,2001,0
Kazakhstan,2001,31.780270181
Japan,2001,24.263321840
Jamaica,2001,0.209093213
Italy,2001,7.417108202
Israel,2001,6.888832078
Ireland,2001,13.654268330
Iceland,2001,13.649910138
Hungary,2001,30.686484901
Guyana,2001,29.829231435
Guatemala,2001,2.016955003
Grenada,2001,0
Greece,2001,3.198765238
Germany,2001,14.239714882
Georgia,2001,2.414904792
France,2001,18.823204051
Finland,2001,24.576529455
Fiji,2001,5.003759769
Estonia,2001,30.250224425
El Salvador,2001,9.932186739
Ecuador,2001,5.155217963
Denmark,2001,14.486541764
Czech Republic,2001,16.497116359
Cuba,2001,15.833722148
Croatia,2001,21.073363771
Costa Rica,2001,5.489554598
Colombia,2001,6.539345005
Chile,2001,11.492553886
Canada,2001,12.623857074
Bulgaria,2001,17.307861009
Brazil,2001,4.813371178
Belize,2001,8.744517418
Belgium,2001,22.296475149
Belarus,2001,34.718765908
Barbados,2001,0.792374191
Bahrain,2001,3.685407229
Bahamas,2001,0.362135149
Azerbaijan,2001,4.216546954
Austria,2001,19.503416045
Australia,2001,13.556978995
Aruba,2001,4.648730316
Armenia,2001,1.661812328
Argentina,2001,9.208800014
Antigua and Barbuda,2001,2.614481614
Albania,2001,4.250988355
Uzbekistan,2000,8.807169210
Uruguay,2000,18.195713090
United States,2000,11.189107905
United Kingdom,2000,7.642439439
Ukraine,2000,30.698943669
Turkmenistan,2000,9.512035084
Trinidad and Tobago,2000,14.087339810
Thailand,2000,8.894284427
Switzerland,2000,20.265540255
Sweden,2000,13.449862338
Suriname,2000,12.410471574
Sri Lanka,2000,30.641162236
Spain,2000,8.856994661
South Africa,2000,0.658145141
Slovenia,2000,31.169112046
Slovakia,2000,14.261085059
Singapore,2000,10.139125870
Serbia,2000,21.583015579
San Marino,2000,3.941818755
Saint Vincent and Grenadines,2000,5.156978423
Saint Lucia,2000,9.922041106
Russian Federation,2000,40.967197481
Romania,2000,13.320557622
Republic of Korea,2000,14.555559739
Puerto Rico,2000,8.684641312
Portugal,2000,5.379829847
Poland,2000,16.120510434
Philippines,2000,2.086447576
Paraguay,2000,3.349167210
Panama,2000,5.318931304
Norway,2000,12.978865561
New Zealand,2000,12.815884982
Netherlands,2000,10.051405472
Montenegro,2000,0
Mexico,2000,3.853066476
Mauritius,2000,12.972588069
Malta,2000,6.341748558
Maldives,2000,0
Luxembourg,2000,15.115904858
Lithuania,2000,49.198748162
Latvia,2000,33.889249054
Kyrgyzstan,2000,11.672612070
Kuwait,2000,1.723130441
Kiribati,2000,0
Kazakhstan,2000,32.151207682
Japan,2000,25.042449997
Jamaica,2000,0.126697696
Italy,2000,7.565524384
Israel,2000,6.981741682
Ireland,2000,13.140805863
Iceland,2000,19.251279248
Hungary,2000,34.312882687
Guatemala,2000,1.865598014
Greece,2000,3.671996862
Germany,2000,14.152233659
Georgia,2000,3.120798925
France,2000,19.629937411
Finland,2000,23.864050702
Estonia,2000,28.257162666
El Salvador,2000,9.007092157
Ecuador,2000,4.806747593
Denmark,2000,14.564048806
Czech Republic,2000,16.792701886
Cyprus,2000,0.799790683
Cuba,2000,17.745146799
Croatia,2000,22.486644002
Costa Rica,2000,6.767813863
Colombia,2000,6.504407357
Chile,2000,10.564005286
Canada,2000,12.430811383
Bulgaria,2000,17.664876975
Brazil,2000,4.288087693
Belize,2000,8.566981900
Belgium,2000,22.152103184
Belarus,2000,36.496124736
Barbados,2000,3.981953785
Bahrain,2000,4.910310636
Bahamas,2000,4.078031275
Azerbaijan,2000,0.836114763
Austria,2000,20.916553358
Australia,2000,13.376665300
Aruba,2000,11.920656113
Armenia,2000,1.691390545
Argentina,2000,8.259508640
Antigua and Barbuda,2000,2.655125720
Albania,2000,1.931123270
Uzbekistan,1999,8.415410544
Uruguay,1999,14.827834019
United States,1999,11.500749890
United Kingdom,1999,7.966566356
Ukraine,1999,30.291846109
Turkmenistan,1999,11.165129230
Trinidad and Tobago,1999,11.847169805
Thailand,1999,9.174398074
Switzerland,1999,19.159331126
Sweden,1999,14.561925363
Suriname,1999,11.855708766
Sri Lanka,1999,33.013544366
Spain,1999,8.520937067
South Africa,1999,0.699115656
Slovenia,1999,31.309700700
Slovakia,1999,13.573418069
Singapore,1999,9.242267525
Serbia,1999,21.932668801
San Marino,1999,7.939028263
Saint Vincent and Grenadines,1999,6.205719605
Saint Lucia,1999,5.763148985
Russian Federation,1999,41.071873977
Romania,1999,12.838560730
Republic of Korea,1999,16.146590502
Puerto Rico,1999,8.274351143
Portugal,1999,5.635196798
Poland,1999,15.800323717
Philippines,1999,1.586548237
Paraguay,1999,3.583974071
Panama,1999,5.430349502
Norway,1999,14.015282187
New Zealand,1999,14.538077931
Netherlands,1999,10.241370011
Mexico,1999,3.769033065
Mauritius,1999,16.692248657
Malta,1999,7.592800900
Luxembourg,1999,17.331451633
Lithuania,1999,46.498344659
Latvia,1999,32.699065741
Kyrgyzstan,1999,12.935948442
Kuwait,1999,2.422710275
Kiribati,1999,0
Kazakhstan,1999,28.976142419
Japan,1999,26.028944286
Italy,1999,7.580987561
Israel,1999,6.694503431
Ireland,1999,12.177360965
Iceland,1999,12.117895395
Hungary,1999,34.816054828
Guyana,1999,24.806192113
Guatemala,1999,2.459878230
Greece,1999,3.676767548
Germany,1999,14.281838518
Georgia,1999,4.513163393
France,1999,18.654373287
Finland,1999,24.813666224
Estonia,1999,35.638190128
El Salvador,1999,10.172319085
Ecuador,1999,5.660056805
Denmark,1999,15.312889353
Czech Republic,1999,16.396422728
Cyprus,1999,0.116722479
Cuba,1999,19.806688651
Croatia,1999,23.086978851
Costa Rica,1999,6.753773925
Colombia,1999,6.014694378
Chile,1999,7.574279232
Canada,1999,14.204207200
Bulgaria,1999,16.614547581
Brazil,1999,4.194760858
Belize,1999,8.880162211
Belgium,1999,19.246959846
Belarus,1999,35.521582734
Bahrain,1999,3.004797070
Bahamas,1999,2.265938042
Azerbaijan,1999,0.759878419
Austria,1999,20.564406332
Australia,1999,14.102947663
Aruba,1999,10.984450900
Armenia,1999,1.871142514
Argentina,1999,7.303722921
Antigua and Barbuda,1999,0
Albania,1999,4.587912995
Uzbekistan,1998,7.765612716
Uruguay,1998,17.280913016
United States,1998,12.158395751
United Kingdom,1998,7.904208841
Ukraine,1998,31.020190706
Turkmenistan,1998,9.879976581
Trinidad and Tobago,1998,14.641363650
Thailand,1998,8.754355106
Switzerland,1998,20.386110858
Sweden,1998,14.749050477
Suriname,1998,7.114713719
Sri Lanka,1998,32.655349184
Spain,1998,8.705541273
South Africa,1998,0.458803662
Slovenia,1998,32.547997660
Slovakia,1998,13.245163449
Singapore,1998,11.155703694
Serbia,1998,20.337088637
Saint Vincent and Grenadines,1998,10.368173854
Saint Lucia,1998,5.865102639
Russian Federation,1998,37.030780875
Romania,1998,13.299966258
Republic of Korea,1998,19.746196052
Puerto Rico,1998,9.264513105
Portugal,1998,5.781362592
Philippines,1998,1.374263154
Paraguay,1998,3.144873378
Panama,1998,5.737695067
Norway,1998,13.270693079
New Zealand,1998,16.386890488
Netherlands,1998,10.309068451
Mexico,1998,3.814539749
Mauritius,1998,15.102796453
Malta,1998,3.395585739
Luxembourg,1998,16.083837000
Lithuania,1998,46.344748227
Latvia,1998,35.791988396
Kyrgyzstan,1998,12.295576974
Kuwait,1998,1.917003603
Kiribati,1998,5.749604715
Kazakhstan,1998,31.153840598
Japan,1998,26.360421659
Italy,1998,8.302213550
Israel,1998,5.932614455
Ireland,1998,14.437230661
Iceland,1998,11.892821889
Hungary,1998,33.335480364
Guyana,1998,5.326523500
Guatemala,1998,2.167459659
Greece,1998,3.908587545
Germany,1998,14.927418725
Georgia,1998,3.516065807
France,1998,19.055475057
Finland,1998,25.347427989
Estonia,1998,36.089365440
El Salvador,1998,10.227036209
Ecuador,1998,5.123659426
Denmark,1998,15.394237753
Czech Republic,1998,16.445255549
Cuba,1998,19.945715833
Croatia,1998,24.338323991
Costa Rica,1998,6.625613612
Colombia,1998,5.865029047
Chile,1998,7.612260539
Canada,1998,13.037255464
Bulgaria,1998,19.026520666
Brazil,1998,4.538292915
Belize,1998,6.150439756
Belgium,1998,20.985351102
Belarus,1998,36.679457029
Bahrain,1998,0
Bahamas,1998,1.153291687
Azerbaijan,1998,0.794957697
Austria,1998,20.694180236
Australia,1998,15.107569685
Armenia,1998,1.854974705
Argentina,1998,7.164824139
Antigua and Barbuda,1998,0
Albania,1998,5.111693829
Uzbekistan,1997,7.631001311
Uruguay,1997,15.242363609
United States,1997,12.281155025
United Kingdom,1997,7.496385477
Ukraine,1997,31.097802725
Turkmenistan,1997,8.311701278
Trinidad and Tobago,1997,13.766200021
Thailand,1997,7.429408801
Switzerland,1997,20.089285714
Sweden,1997,14.450206346
Suriname,1997,7.963883787
Sri Lanka,1997,35.093034095
Spain,1997,9.017511028
South Africa,1997,0.269932455
Slovenia,1997,31.477254631
Slovakia,1997,12.454558161
Singapore,1997,10.520833333
Saint Vincent and Grenadines,1997,3.116721209
Saint Lucia,1997,6.718072361
Russian Federation,1997,39.305530028
Romania,1997,13.379194160
Republic of Korea,1997,14.023619463
Puerto Rico,1997,7.952791299
Portugal,1997,6.565892759
Philippines,1997,1.296742179
Paraguay,1997,2.940508610
Panama,1997,5.739823688
Norway,1997,12.993344872
New Zealand,1997,16.195031987
Netherlands,1997,10.737778264
Mexico,1997,3.925434094
Mauritius,1997,12.058910744
Malta,1997,4.280821918
Luxembourg,1997,20.631686195
Lithuania,1997,48.509737468
Latvia,1997,37.626873912
Kyrgyzstan,1997,12.217049681
Kuwait,1997,2.040185471
Kiribati,1997,7.317644304
Kazakhstan,1997,32.248204188
Japan,1997,19.553166471
Italy,1997,8.663477373
Israel,1997,7.241807586
Ireland,1997,13.648538420
Iceland,1997,13.256792097
Hungary,1997,32.943850349
Guyana,1997,6.082873063
Guatemala,1997,1.979167876
Greece,1997,3.649205576
Germany,1997,15.699154198
Georgia,1997,4.150356082
France,1997,20.235986593
Finland,1997,27.409188920
Estonia,1997,39.211738883
El Salvador,1997,11.658209582
Ecuador,1997,5.552479902
Denmark,1997,16.547505722
Czech Republic,1997,17.023102782
Cuba,1997,19.774880191
Croatia,1997,22.025098368
Costa Rica,1997,5.701986151
Colombia,1997,3.616897200
Chile,1997,6.821819327
Canada,1997,13.106593888
Bulgaria,1997,18.465067621
Brazil,1997,4.596064338
Belize,1997,0.532907008
Belgium,1997,22.409670284
Belarus,1997,36.380144654
Bahrain,1997,0
Bahamas,1997,0.781384300
Azerbaijan,1997,1.594349744
Austria,1997,21.191096704
Australia,1997,15.364693722
Armenia,1997,2.183344203
Argentina,1997,6.754545656
Albania,1997,5.709871360
Uzbekistan,1996,8.557254023
Uruguay,1996,13.244461759
United States,1996,12.552551283
United Kingdom,1996,7.571046913
Ukraine,1996,31.468930658
Turkmenistan,1996,7.232302581
Trinidad and Tobago,1996,12.627736911
Thailand,1996,8.067810574
Switzerland,1996,21.526712967
Sweden,1996,15.143274960
Suriname,1996,5.305642930
Sri Lanka,1996,29.409597820
Spain,1996,8.890983686
South Africa,1996,0.378570756
Slovenia,1996,32.063810681
Slovakia,1996,13.353373992
Singapore,1996,8.465870851
Saint Vincent and Grenadines,1996,8.325094958
Saint Lucia,1996,5.318300271
Russian Federation,1996,41.293836691
Romania,1996,13.216620789
Republic of Korea,1996,13.778874588
Puerto Rico,1996,9.730077079
Portugal,1996,6.862155789
Poland,1996,15.026225537
Paraguay,1996,2.367615610
Panama,1996,4.569624292
Norway,1996,12.677783227
New Zealand,1996,15.731973780
Netherlands,1996,10.835732494
Mexico,1996,3.589400548
Mauritius,1996,15.376884422
Malta,1996,2.871912694
Luxembourg,1996,18.571060098
Lithuania,1996,51.019758157
Latvia,1996,39.011593467
Kyrgyzstan,1996,12.063938876
Kuwait,1996,1.912411551
Kiribati,1996,8.938414325
Kazakhstan,1996,32.945187987
Japan,1996,18.493075725
Italy,1996,8.659226688
Israel,1996,5.995650215
Ireland,1996,12.086024054
Iceland,1996,13.387423935
Hungary,1996,35.287170402
Guyana,1996,9.104040980
Guatemala,1996,1.777561200
Grenada,1996,1.113933075
Greece,1996,3.497575620
Germany,1996,15.696722627
Georgia,1996,3.758395490
France,1996,20.585272195
Finland,1996,25.967265004
Estonia,1996,40.604916399
El Salvador,1996,11.037547898
Ecuador,1996,5.816092982
Denmark,1996,18.140036199
Czech Republic,1996,16.059156689
Cuba,1996,19.664896110
Croatia,1996,23.715883245
Costa Rica,1996,6.546704314
Colombia,1996,3.587150063
Chile,1996,6.986619291
Canada,1996,14.224047700
Bulgaria,1996,19.162909849
Brazil,1996,4.545543077
Belize,1996,4.421697268
Belgium,1996,21.061894032
Belarus,1996,37.450437799
Bahamas,1996,1.188410620
Azerbaijan,1996,1.034777523
Austria,1996,23.739922543
Australia,1996,14.257923844
Armenia,1996,2.495482316
Argentina,1996,7.013690699
Albania,1996,3.027004966
Uzbekistan,1995,7.576917190
Uruguay,1995,14.504982648
United States,1995,12.860445740
United Kingdom,1995,7.881715596
Ukraine,1995,30.033894244
Turkmenistan,1995,6.390445760
Trinidad and Tobago,1995,16.011514367
Thailand,1995,7.808180755
Switzerland,1995,21.443143181
Sweden,1995,16.373132515
Suriname,1995,14.123785996
Spain,1995,8.469415404
Slovenia,1995,29.936305732
Slovakia,1995,14.684633999
Singapore,1995,13.163128774
Saint Vincent and Grenadines,1995,7.293642028
Saint Lucia,1995,7.724035654
Russian Federation,1995,43.532433993
Romania,1995,13.020189919
Republic of Korea,1995,11.505261857
Qatar,1995,0
Puerto Rico,1995,8.562572256
Portugal,1995,8.539300415
Poland,1995,15.230619667
Paraguay,1995,2.894456821
Norway,1995,13.511181242
New Zealand,1995,16.153891754
Netherlands,1995,10.439408595
Mexico,1995,3.599530072
Mauritius,1995,14.970974641
Malta,1995,4.928964917
Luxembourg,1995,16.487830411
Lithuania,1995,50.012562187
Latvia,1995,43.121236367
Kyrgyzstan,1995,15.491370922
Kuwait,1995,1.720600887
Kiribati,1995,3.033842513
Kazakhstan,1995,31.395100603
Japan,1995,17.954448477
Italy,1995,8.439048937
Israel,1995,7.232255861
Ireland,1995,12.044591889
Iceland,1995,11.033919085
Hungary,1995,34.568288699
Guyana,1995,14.961869901
Guatemala,1995,2.441702332
Grenada,1995,1.130799588
Greece,1995,3.662774490
Germany,1995,16.619491280
Georgia,1995,3.128648673
France,1995,21.674903949
Finland,1995,29.029761780
Estonia,1995,43.784289401
El Salvador,1995,12.819460437
Ecuador,1995,5.481617856
Denmark,1995,18.899183899
Czech Republic,1995,17.784756216
Cuba,1995,21.852012116
Croatia,1995,20.656379241
Costa Rica,1995,6.666241388
Colombia,1995,3.475275785
Chile,1995,7.210619801
Canada,1995,14.367181418
Bulgaria,1995,17.948621601
Brazil,1995,4.514323726
Belize,1995,7.756232687
Belgium,1995,22.619684899
Belarus,1995,33.110734370
Barbados,1995,7.048092869
Bahamas,1995,0.785854617
Azerbaijan,1995,0.741761153
Austria,1995,23.913238278
Australia,1995,12.942628964
Aruba,1995,10.872371944
Armenia,1995,3.775557621
Argentina,1995,7.031334741
Antigua and Barbuda,1995,0
Albania,1995,3.030929255
Uzbekistan,1994,7.411973026
Uruguay,1994,13.902700274
United States,1994,12.934819697
United Kingdom,1994,8.037096448
Ukraine,1994,28.437442152
Turkmenistan,1994,6.835908971
Trinidad and Tobago,1994,12.726803680
Thailand,1994,4.378356835
Sweden,1994,16.197501866
Spain,1994,8.523483258
Slovakia,1994,13.889843690
Singapore,1994,11.651058182
Saint Lucia,1994,4.703779487
Russian Federation,1994,44.354192273
Romania,1994,13.499485645
Republic of Korea,1994,10.236892185
Puerto Rico,1994,10.617222511
Portugal,1994,8.075447999
Poland,1994,15.347608454
Paraguay,1994,2.718679366
Norway,1994,13.165398061
New Zealand,1994,15.424009640
Netherlands,1994,11.001757225
Mexico,1994,3.302111284
Mauritius,1994,13.260690789
Malta,1994,4.389815628
Macau,1994,7.791263397
Luxembourg,1994,19.628647215
Kyrgyzstan,1994,15.086598634
Kuwait,1994,2.071823204
Kiribati,1994,15.415208645
Kazakhstan,1994,26.422230393
Japan,1994,17.570131454
Italy,1994,8.377806725
Israel,1994,8.586348531
Ireland,1994,11.846061335
Iceland,1994,10.300782859
Hungary,1994,37.214537549
Guyana,1994,13.018822796
Guatemala,1994,1.681684584
Grenada,1994,4.595799439
Greece,1994,3.543291840
Germany,1994,16.481907225
Georgia,1994,2.721901348
France,1994,22.196578250
Finland,1994,29.128864247
Ecuador,1994,5.264643446
Denmark,1994,20.492728056
Czech Republic,1994,19.251930849
Cuba,1994,22.578375110
Costa Rica,1994,5.530709092
Colombia,1994,3.880212213
Chile,1994,6.394392732
Canada,1994,13.756147691
Bulgaria,1994,18.310299543
Brazil,1994,4.146609658
Belize,1994,4.681812330
Belgium,1994,22.437719797
Belarus,1994,32.660375599
Barbados,1994,5.826050770
Bahamas,1994,1.203369434
Azerbaijan,1994,0.720726247
Austria,1994,23.798829140
Australia,1994,13.795062057
Armenia,1994,3.291697281
Argentina,1994,7.249799425
Antigua and Barbuda,1994,0
Albania,1994,1.754816973
Uzbekistan,1993,7.320644217
Uruguay,1993,14.432565392
United States,1993,13.055441104
United Kingdom,1993,8.219735980
Ukraine,1993,25.613952199
Turkmenistan,1993,7.204827234
Trinidad and Tobago,1993,15.152834625
Sweden,1993,16.924499230
Spain,1993,8.181110444
Slovakia,1993,14.953619465
Singapore,1993,10.166428195
Saint Lucia,1993,6.356975987
Russian Federation,1993,40.558402473
Romania,1993,13.018828962
Republic of Korea,1993,10.119053461
Puerto Rico,1993,10.415182377
Portugal,1993,8.288981966
Poland,1993,15.712745093
Philippines,1993,1.489920083
Norway,1993,14.711382621
New Zealand,1993,13.534156177
Netherlands,1993,10.863793874
Mexico,1993,3.048415397
Mauritius,1993,14.400500887
Malta,1993,4.737933077
Luxembourg,1993,17.204301075
Kyrgyzstan,1993,14.656878059
Kuwait,1993,1.413316583
Kiribati,1993,18.794637264
Kazakhstan,1993,26.214174831
Japan,1993,17.287127872
Italy,1993,8.675571900
Israel,1993,7.865168539
Ireland,1993,9.859367912
Iceland,1993,10.810810811
Hungary,1993,37.895333786
Guyana,1993,10.928447508
Guatemala,1993,1.998798783
Grenada,1993,3.516833912
Greece,1993,4.148874089
Germany,1993,16.524857605
France,1993,22.709999370
Finland,1993,29.466357309
El Salvador,1993,9.032230578
Ecuador,1993,6.049439094
Czech Republic,1993,19.755961828
Cuba,1993,23.730033386
Costa Rica,1993,5.746925045
Colombia,1993,3.587701953
Chile,1993,6.013131379
Canada,1993,14.114092938
Bulgaria,1993,18.372703412
Brazil,1993,3.945121356
Belize,1993,0.585480094
Belgium,1993,22.635767048
Belarus,1993,29.923971331
Barbados,1993,6.677796327
Bahamas,1993,2.874743326
Azerbaijan,1993,1.847080371
Austria,1993,22.923040063
Australia,1993,12.449602932
Armenia,1993,3.148577200
Argentina,1993,7.316873103
Antigua and Barbuda,1993,1.579404564
Albania,1993,2.600363338
Uzbekistan,1992,7.361559950
United States,1992,12.935250308
United Kingdom,1992,8.558268662
Ukraine,1992,24.059908471
Turkmenistan,1992,8.331027698
Trinidad and Tobago,1992,14.391665195
Thailand,1992,6.752844374
Sweden,1992,16.783927067
Suriname,1992,12.966174492
Spain,1992,7.529546579
Slovakia,1992,16.214362014
Singapore,1992,10.637480799
Saint Lucia,1992,8.855042947
Saint Kitts and Nevis,1992,0
Russian Federation,1992,33.248889182
Romania,1992,12.484041626
Republic of Korea,1992,8.751288047
Puerto Rico,1992,9.550168801
Portugal,1992,9.211240223
Poland,1992,16.045318968
Philippines,1992,0.627433293
Norway,1992,15.439370395
New Zealand,1992,15.236741254
Netherlands,1992,11.162771068
Mexico,1992,2.971343866
Mauritius,1992,15.395971739
Malta,1992,5.384385283
Luxembourg,1992,16.063163626
Kyrgyzstan,1992,12.788789623
Kiribati,1992,6.363752068
Kazakhstan,1992,22.151668966
Japan,1992,17.693140456
Italy,1992,8.388899560
Israel,1992,8.302643335
Ireland,1992,11.025156850
Iceland,1992,11.764705882
Hungary,1992,41.004797971
Guyana,1992,11.877334543
Guatemala,1992,2.143829390
Grenada,1992,0
Greece,1992,3.569193286
Germany,1992,17.677261903
Georgia,1992,4.089241686
France,1992,21.714846249
Finland,1992,30.735664810
El Salvador,1992,9.125359352
Ecuador,1992,5.457597976
Czech Republic,1992,20.564145467
Cuba,1992,23.185687200
Costa Rica,1992,5.362798733
Colombia,1992,3.667011082
Chile,1992,5.426804124
Canada,1992,14.016571912
Bulgaria,1992,18.889510663
Brazil,1992,3.800535157
Belgium,1992,19.919177777
Belarus,1992,25.326771777
Barbados,1992,5.833333333
Azerbaijan,1992,2.260454603
Austria,1992,23.849657400
Australia,1992,13.892060357
Armenia,1992,2.508538097
Argentina,1992,7.268999581
Antigua and Barbuda,1992,0
Albania,1992,1.665190434
Uzbekistan,1991,8.029836636
United States,1991,13.217144942
United Kingdom,1991,8.435456247
Ukraine,1991,22.198893790
Turkmenistan,1991,8.632411067
Trinidad and Tobago,1991,13.430127042
Thailand,1991,6.851122340
Sweden,1991,18.442750370
Suriname,1991,15.699062738
Spain,1991,7.890015991
Singapore,1991,11.565662486
Saint Lucia,1991,4.898119122
Saint Kitts and Nevis,1991,0
Russian Federation,1991,28.613156764
Romania,1991,10.070836052
Republic of Korea,1991,7.673708609
Puerto Rico,1991,10.966267144
Portugal,1991,10.010087661
Poland,1991,15.018518885
Paraguay,1991,2.047607139
Norway,1991,16.991391029
New Zealand,1991,14.794469241
Netherlands,1991,11.413551733
Mexico,1991,2.811636404
Mauritius,1991,14.603986782
Malta,1991,3.022974607
Luxembourg,1991,21.217966382
Kyrgyzstan,1991,14.302647175
Kiribati,1991,16.166841807
Kazakhstan,1991,20.611524263
Japan,1991,16.934641530
Jamaica,1991,0.046407266
Italy,1991,8.175817719
Israel,1991,8.116295894
Ireland,1991,10.608529873
Iceland,1991,15.684612124
Hungary,1991,40.921251852
Guyana,1991,16.039839907
Guatemala,1991,1.979528377
Grenada,1991,0
Greece,1991,3.919291804
Germany,1991,18.557299138
Georgia,1991,3.467136922
France,1991,21.586662888
Finland,1991,31.776098755
El Salvador,1991,10.356162408
Ecuador,1991,5.433527283
Czech Republic,1991,19.694853892
Costa Rica,1991,4.622781065
Colombia,1991,3.302361110
Chile,1991,6.629601550
Canada,1991,14.151017707
Bulgaria,1991,16.413856901
Brazil,1991,3.839684961
Belize,1991,1.233045623
Belgium,1991,19.209075623
Belarus,1991,22.888921720
Barbados,1991,7.172995781
Azerbaijan,1991,2.130162465
Austria,1991,24.233779670
Australia,1991,14.289193797
Armenia,1991,2.476166894
Argentina,1991,6.586098640
Antigua and Barbuda,1991,0
Uzbekistan,1990,8.499507739
Uruguay,1990,11.115031757
United States,1990,13.435400922
United Kingdom,1990,8.669130022
Ukraine,1990,22.190212542
Turkmenistan,1990,9.675952984
Trinidad and Tobago,1990,15.617822692
Thailand,1990,7.325976151
Sweden,1990,18.374408234
Suriname,1990,7.456266131
Spain,1990,7.973110083
Singapore,1990,14.093478780
Saint Vincent and Grenadines,1990,5.311182163
Saint Lucia,1990,2.488862341
Saint Kitts and Nevis,1990,0
Russian Federation,1990,28.613280820
Romania,1990,9.714090805
Republic of Korea,1990,7.979388474
Puerto Rico,1990,11.579275905
Portugal,1990,9.234870787
Poland,1990,14.133451633
Paraguay,1990,2.780720004
Norway,1990,16.635952844
New Zealand,1990,14.727778857
Netherlands,1990,10.346574570
Mexico,1990,2.635579780
Mauritius,1990,15.620019127
Malta,1990,2.443494197
Luxembourg,1990,18.952062430
Kyrgyzstan,1990,14.636234715
Kazakhstan,1990,21.470295589
Japan,1990,17.205814296
Jamaica,1990,0.140776268
Italy,1990,8.028202664
Israel,1990,7.314549698
Ireland,1990,10.359801489
Iceland,1990,17.145306472
Guyana,1990,13.620517090
Guatemala,1990,2.056222859
Grenada,1990,2.439024390
Greece,1990,3.628990330
Germany,1990,18.575537495
Georgia,1990,3.930691481
France,1990,21.534231364
Finland,1990,32.341554191
El Salvador,1990,12.659204461
Ecuador,1990,5.090369396
Czech Republic,1990,20.564520281
Costa Rica,1990,5.974579496
Colombia,1990,2.889982895
Chile,1990,6.345546161
Canada,1990,13.673677564
Bulgaria,1990,15.715388727
Brazil,1990,3.655597422
Belize,1990,1.898734177
Belgium,1990,20.224767068
Belarus,1990,22.160105433
Barbados,1990,6.751054852
Azerbaijan,1990,1.851611227
Austria,1990,25.237324191
Australia,1990,13.930537104
Armenia,1990,3.116935349
Argentina,1990,7.356201725
Antigua and Barbuda,1990,1.685374322
Uruguay,1989,12.195554295
United States,1989,13.167630410
United Kingdom,1989,8.162825400
Ukraine,1989,22.794414772
Turkmenistan,1989,8.436145382
Trinidad and Tobago,1989,16.168224299
Sweden,1989,19.824728807
Suriname,1989,15.242017353
Spain,1989,8.130014915
Singapore,1989,16.206655423
Saint Lucia,1989,6.747296864
Russian Federation,1989,27.997590144
Romania,1989,11.848485558
Republic of Korea,1989,7.717345519
Puerto Rico,1989,9.957975516
Portugal,1989,7.933920111
Paraguay,1989,1.936877453
Panama,1989,3.313642408
Norway,1989,16.684362202
New Zealand,1989,15.177230890
Netherlands,1989,10.912249718
Mexico,1989,2.613545593
Mauritius,1989,15.435738021
Malta,1989,7.098765432
Luxembourg,1989,20.540236353
Japan,1989,18.151270667
Jamaica,1989,0
Italy,1989,7.938249124
Israel,1989,8.778692398
Ireland,1989,8.624968975
Iceland,1989,9.482758621
Guyana,1989,14.370803420
Guatemala,1989,2.028530751
Grenada,1989,4.889676670
Greece,1989,4.019942272
France,1989,22.349235662
Finland,1989,30.359022839
Ecuador,1989,5.024118684
Costa Rica,1989,6.533646322
Colombia,1989,2.837162347
Chile,1989,6.303799670
Canada,1989,14.325930303
Bulgaria,1989,17.374333587
Brazil,1989,3.471252476
Belize,1989,0.653219064
Belgium,1989,20.536516493
Barbados,1989,6.779661017
Austria,1989,26.443136251
Australia,1989,13.268595944
Argentina,1989,7.828722737
Antigua and Barbuda,1989,0
Albania,1989,2.425885627
Uruguay,1988,9.572796114
United States,1988,13.365999129
United Kingdom,1988,9.324568127
Ukraine,1988,20.506878038
Turkmenistan,1988,9.226668489
Trinidad and Tobago,1988,14.968966776
Sweden,1988,20.048166034
Suriname,1988,14.428272347
Spain,1988,8.088028352
Singapore,1988,15.292053146
Saint Lucia,1988,8.849557522
Republic of Korea,1988,7.620056588
Puerto Rico,1988,9.704537026
Portugal,1988,8.712320146
Panama,1988,4.214483290
Norway,1988,17.939492221
New Zealand,1988,15.841843415
Netherlands,1988,10.991866163
Mexico,1988,2.445222985
Mauritius,1988,18.054054054
Malta,1988,2.805486284
Luxembourg,1988,19.585580471
Japan,1988,19.700958289
Jamaica,1988,0.239165447
Italy,1988,8.026793845
Israel,1988,7.676133053
Ireland,1988,8.226380084
Iceland,1988,15.270506108
Guyana,1988,8.551002147
Guatemala,1988,2.383536829
Grenada,1988,4.581901489
Greece,1988,4.264550265
France,1988,22.238369864
Finland,1988,30.257251381
Ecuador,1988,5.422892520
Costa Rica,1988,5.597923089
Colombia,1988,3.183301517
Chile,1988,6.164868212
Canada,1988,14.576048770
Bulgaria,1988,17.306729600
Brazil,1988,3.552867165
Belgium,1988,21.417917655
Barbados,1988,5.110732538
Bahrain,1988,3.592507057
Austria,1988,25.908367521
Australia,1988,14.184860339
Argentina,1988,8.315670482
Antigua and Barbuda,1988,0
Albania,1988,2.279057989
Uruguay,1987,9.284249163
United States,1987,13.672339972
United Kingdom,1987,8.628904297
Ukraine,1987,21.214078549
Turkmenistan,1987,9.513483264
Trinidad and Tobago,1987,11.035889827
Thailand,1987,6.273718947
Sweden,1987,19.484132002
Suriname,1987,15.662037330
Spain,1987,7.697861675
Singapore,1987,12.501038292
Seychelles,1987,5.145797599
Saint Vincent and Grenadines,1987,0
Saint Lucia,1987,9.883198562
Republic of Korea,1987,8.660655019
Puerto Rico,1987,8.528249828
Portugal,1987,10.235644801
Paraguay,1987,1.900689000
Panama,1987,4.291195477
Norway,1987,16.516096195
New Zealand,1987,15.194775360
Netherlands,1987,11.729694418
Mexico,1987,2.503381257
Mauritius,1987,15.362668715
Malta,1987,0.315059861
Luxembourg,1987,21.179164282
Kuwait,1987,0.996077943
Japan,1987,20.681548035
Jamaica,1987,0.627788831
Italy,1987,8.297794543
Israel,1987,6.987958021
Ireland,1987,7.585843886
Iceland,1987,15.957446809
Guatemala,1987,3.390192917
Greece,1987,4.367556512
France,1987,23.431238054
Finland,1987,29.539888602
Ecuador,1987,4.666858128
Costa Rica,1987,4.956887574
Colombia,1987,3.395284845
Chile,1987,6.182531894
Canada,1987,15.089439913
Bulgaria,1987,17.814074552
Brazil,1987,3.803864321
Belize,1987,2.776447397
Belgium,1987,24.087049175
Barbados,1987,2.567394095
Bahrain,1987,2.473206925
Bahamas,1987,1.358080579
Austria,1987,29.018208400
Australia,1987,14.382082212
Argentina,1987,8.282788756
Antigua and Barbuda,1987,0
Albania,1987,2.694124594
Uruguay,1986,9.501015376
United States,1986,13.855835086
United Kingdom,1986,9.109643340
Trinidad and Tobago,1986,9.796533534
Thailand,1986,5.911500943
Suriname,1986,12.871827248
Sri Lanka,1986,37.904037897
Spain,1986,7.605664909
Singapore,1986,13.701508847
Seychelles,1986,1.742160279
Saint Vincent and Grenadines,1986,0
Saint Lucia,1986,4.545454545
Republic of Korea,1986,9.211409575
Puerto Rico,1986,9.862560448
Portugal,1986,10.064980627
Paraguay,1986,1.767936266
Panama,1986,4.227022011
Norway,1986,14.801748600
New Zealand,1986,13.680975513
Netherlands,1986,11.711876164
Mexico,1986,2.479619811
Mauritius,1986,3.117692907
Malta,1986,0.316656111
Luxembourg,1986,14.739884393
Kuwait,1986,1.042141601
Japan,1986,22.417508951
Jamaica,1986,0.048720336
Italy,1986,8.644216151
Israel,1986,7.289891176
Ireland,1986,8.766748531
Iceland,1986,16.644174539
Guatemala,1986,2.931751709
Greece,1986,4.210413542
France,1986,24.263327498
Ecuador,1986,4.783474807
Costa Rica,1986,5.713288848
Colombia,1986,3.744293665
Chile,1986,5.982601059
Canada,1986,15.617619398
Bulgaria,1986,16.778883394
Brazil,1986,3.595832169
Belize,1986,2.043596730
Belgium,1986,23.710307846
Barbados,1986,3.454231434
Austria,1986,30.045725971
Australia,1986,13.801671866
Argentina,1986,8.383374198
Antigua and Barbuda,1986,0
Uruguay,1985,10.484401257
United States,1985,13.340703053
United Kingdom,1985,9.630887965
Trinidad and Tobago,1985,2.876984127
Thailand,1985,6.440125846
Suriname,1985,24.790827394
Sri Lanka,1985,40.903514469
Spain,1985,6.983915326
Singapore,1985,13.784301213
Seychelles,1985,13.961605585
Saint Vincent and Grenadines,1985,2.227171492
Republic of Korea,1985,10.047199231
Puerto Rico,1985,8.726682887
Portugal,1985,10.554084044
Paraguay,1985,2.047239898
Panama,1985,2.947833869
New Zealand,1985,11.170599511
Netherlands,1985,12.027933002
Mexico,1985,2.285173016
Mauritius,1985,11.772696400
Malta,1985,0.651041667
Luxembourg,1985,15.951276102
Kuwait,1985,1.158038147
Japan,1985,20.616226336
Jamaica,1985,0.393120393
Italy,1985,8.794283254
Israel,1985,6.234181431
Ireland,1985,8.602954928
Iceland,1985,14.538845979
Grenada,1985,1.171303075
Greece,1985,4.366388512
France,1985,24.329247644
Ecuador,1985,5.129342974
Dominica,1985,0
Costa Rica,1985,5.723996065
Colombia,1985,3.995625170
Chile,1985,6.397886730
Canada,1985,13.863888783
Bulgaria,1985,17.348823354
Brazil,1985,3.598944151
Belgium,1985,24.607318547
Barbados,1985,3.030303030
Bahrain,1985,3.006285870
Bahamas,1985,0.490918017
Austria,1985,29.408807031
Australia,1985,12.779399142
Argentina,1985,7.338284584
Antigua and Barbuda,1985,0
